{
  "summary": {
    "mean_section_match_rate": 0.03333333333333333,
    "mean_fuzzy_section_match_rate": 0.03333333333333333,
    "top_k_accuracy": {
      "1": 0.0,
      "3": 0.0,
      "5": 0.03333333333333333,
      "10": 0.03333333333333333
    },
    "fuzzy_top_k_accuracy": {
      "1": 0.0,
      "3": 0.0,
      "5": 0.03333333333333333,
      "10": 0.03333333333333333
    },
    "score_stats": {
      "faiss": {
        "mean": 0.9528961420059204,
        "std": 0.03895068735122007,
        "min": 0.7899025082588196,
        "max": 1.0
      },
      "bm25": {
        "mean": 0.2793330826421316,
        "std": 0.2961315891701363,
        "min": 0.0,
        "max": 1.0
      },
      "combined": {
        "mean": 0.48108831935182744,
        "std": 0.03945261917249542,
        "min": 0.4153004287420128,
        "max": 0.5874362456558646
      }
    },
    "boost_stats": {
      "boost_rate": 0.96,
      "mean_boost_factor": 1.1999999999999997
    }
  },
  "detailed_results": {
    "section_match_rates": [
      0.0,
      0.0,
      0.0,
      0.0,
      0.0,
      0.3333333333333333,
      0.0,
      0.0,
      0.0,
      0.0
    ],
    "fuzzy_section_match_rates": [
      0.0,
      0.0,
      0.0,
      0.0,
      0.0,
      0.3333333333333333,
      0.0,
      0.0,
      0.0,
      0.0
    ],
    "top_k_accuracy": {
      "1": [
        0.0,
        0.0,
        0.0,
        0.0,
        0.0,
        0.0,
        0.0,
        0.0,
        0.0,
        0.0
      ],
      "3": [
        0.0,
        0.0,
        0.0,
        0.0,
        0.0,
        0.0,
        0.0,
        0.0,
        0.0,
        0.0
      ],
      "5": [
        0.0,
        0.0,
        0.0,
        0.0,
        0.0,
        0.3333333333333333,
        0.0,
        0.0,
        0.0,
        0.0
      ],
      "10": [
        0.0,
        0.0,
        0.0,
        0.0,
        0.0,
        0.3333333333333333,
        0.0,
        0.0,
        0.0,
        0.0
      ]
    },
    "fuzzy_top_k_accuracy": {
      "1": [
        0.0,
        0.0,
        0.0,
        0.0,
        0.0,
        0.0,
        0.0,
        0.0,
        0.0,
        0.0
      ],
      "3": [
        0.0,
        0.0,
        0.0,
        0.0,
        0.0,
        0.0,
        0.0,
        0.0,
        0.0,
        0.0
      ],
      "5": [
        0.0,
        0.0,
        0.0,
        0.0,
        0.0,
        0.3333333333333333,
        0.0,
        0.0,
        0.0,
        0.0
      ],
      "10": [
        0.0,
        0.0,
        0.0,
        0.0,
        0.0,
        0.3333333333333333,
        0.0,
        0.0,
        0.0,
        0.0
      ]
    },
    "score_distributions": {
      "faiss": [
        0.9618067145347595,
        0.9386666417121887,
        0.9330939650535583,
        1.0,
        0.988149106502533,
        1.0,
        0.9245737195014954,
        0.9911799430847168,
        0.9129589200019836,
        0.9021636247634888,
        0.9182053208351135,
        0.9137030839920044,
        0.9350226521492004,
        0.9332723617553711,
        1.0,
        1.0,
        0.9665729403495789,
        0.9587761163711548,
        0.9535074830055237,
        0.9539711475372314,
        0.9229201674461365,
        0.9402819871902466,
        0.9731830954551697,
        1.0,
        1.0,
        0.9216275215148926,
        0.9734431505203247,
        0.869007408618927,
        0.9093753695487976,
        0.8995426893234253,
        0.9815415143966675,
        0.9700959920883179,
        0.9550120234489441,
        1.0,
        0.9864766001701355,
        0.948535680770874,
        0.9498457908630371,
        0.9501343965530396,
        0.9292086958885193,
        1.0,
        0.9511638879776001,
        1.0,
        0.9567748308181763,
        0.9835119247436523,
        0.961758017539978,
        0.9246785640716553,
        0.9027559757232666,
        0.8785247802734375,
        1.0,
        0.9114440679550171,
        0.943593442440033,
        0.9336146712303162,
        1.0,
        1.0,
        1.0,
        0.9697270393371582,
        0.9419360756874084,
        0.9344990253448486,
        0.9296371936798096,
        0.925047755241394,
        0.9849854707717896,
        1.0,
        0.9878237247467041,
        0.9446010589599609,
        0.9227424263954163,
        0.9773119688034058,
        1.0,
        0.954150915145874,
        0.9283782243728638,
        0.7899025082588196,
        1.0,
        1.0,
        0.8943994641304016,
        0.9854874014854431,
        0.9675684571266174,
        0.887507975101471,
        0.8808405995368958,
        0.9211165904998779,
        0.9475263953208923,
        0.8897971510887146,
        0.9809200167655945,
        1.0,
        1.0,
        0.9974194169044495,
        0.9669742584228516,
        0.9476675391197205,
        0.9386966824531555,
        0.9356724619865417,
        0.926180362701416,
        0.9060183167457581,
        0.9673511385917664,
        0.9632862210273743,
        1.0,
        0.9776017665863037,
        0.9350038766860962,
        0.9357956647872925,
        0.9445871114730835,
        1.0,
        0.904244065284729,
        0.9835318922996521
      ],
      "bm25": [
        0.7975357850591361,
        0.7260809237720272,
        0.558687098459339,
        0.2908358800972076,
        0.2780833964404568,
        0.0,
        0.27162369550443827,
        0.0,
        0.297542674056032,
        0.2755718435998103,
        1.0,
        0.672103823267362,
        0.547496015653516,
        0.4699170333091341,
        0.0,
        0.0,
        0.0,
        0.0,
        0.0,
        0.7566914693609667,
        1.0,
        0.31823869245195535,
        0.12185106168145697,
        0.0,
        0.0,
        0.2746909835124785,
        0.0,
        0.2801706477238412,
        0.0,
        0.0,
        0.9688747932173238,
        0.8820688902711796,
        0.7749508071645644,
        0.3533177551004393,
        0.3378255850970261,
        0.46045259392884735,
        0.3614654065685491,
        0.3299781110076137,
        0.3719197377035666,
        0.0,
        1.0,
        0.17126189042834722,
        0.7730034547238795,
        0.19961796036560447,
        0.1562132567417403,
        0.22842424091037467,
        0.27139782531837053,
        0.3257804277010367,
        0.0,
        0.17977430545883172,
        0.43772409854114414,
        0.3006908475191406,
        0.0,
        0.0,
        0.6852580519402639,
        0.0,
        0.0,
        0.0,
        0.0,
        0.0,
        0.8621785680998418,
        0.43373124271901203,
        0.45282290928228996,
        0.4476624949988557,
        0.3816391322111288,
        0.22299421318055299,
        0.16202356043508417,
        0.26734808431429474,
        0.2840943702843292,
        0.4959111560706295,
        0.0,
        0.0,
        0.37455424327971254,
        0.0,
        0.0,
        0.31539859709247925,
        0.16244531024912337,
        0.0,
        0.5176695219679458,
        0.0,
        0.09302800050050011,
        0.0,
        0.0,
        0.0,
        0.0,
        0.0,
        0.0,
        0.0,
        0.0,
        0.0,
        1.0,
        0.9104054480993468,
        0.3646681259269671,
        0.3486782682984405,
        0.3730775215734924,
        0.3405786932611403,
        0.28407563841207634,
        0.0,
        0.33120210029891867,
        0.0
      ],